filename,width,height,class,xmin,ymin,xmax,ymax
00431.ppm,1360,800,speed limit 120,276,528,315,565
00431.ppm,1360,800,speed limit 120,1143,498,1180,536
00000.ppm,1360,800,priority at next intersection,775,411,816,446
00633.ppm,1360,800,keep right,292,502,361,581
00720.ppm,1360,800,speed limit 50,738,430,756,448
00372.ppm,1360,800,speed limit 70,975,487,1018,530
00075.ppm,1360,800,speed limit 70,1131,410,1180,455
00075.ppm,1360,800,slippery road,1121,352,1187,408
00287.ppm,1360,800,speed limit 50,1113,370,1155,411
00621.ppm,1360,800,speed limit 70,783,445,809,470
00738.ppm,1360,800,keep right,555,605,586,634
00707.ppm,1360,800,speed limit 70,907,383,945,421
00259.ppm,1360,800,speed limit 30,1200,330,1250,374
00290.ppm,1360,800,speed limit 80,1293,393,1329,428
00095.ppm,1360,800,bend right,698,438,721,462
00095.ppm,1360,800,speed limit 30,700,464,721,482
00445.ppm,1360,800,speed limit 80,211,519,253,561
00445.ppm,1360,800,speed limit 80,1022,498,1066,543
00441.ppm,1360,800,speed limit 120,1062,531,1112,579
00700.ppm,1360,800,give way,849,348,913,406
00037.ppm,1360,800,keep right,668,527,691,550
00265.ppm,1360,800,speed limit 30,807,457,828,480
00265.ppm,1360,800,road narrows,801,429,831,455
00265.ppm,1360,800,danger,783,446,803,464
00233.ppm,1360,800,keep right,327,485,358,517
00783.ppm,1360,800,keep right,278,569,319,613
00307.ppm,1360,800,no entry,457,475,488,505
00307.ppm,1360,800,no entry,796,456,828,487
00307.ppm,1360,800,keep right,831,455,862,486
00307.ppm,1360,800,uneven road,894,416,933,458
00248.ppm,1360,800,speed limit 80,844,431,872,456
00248.ppm,1360,800,speed limit 80,206,454,228,477
00693.ppm,1360,800,speed limit 60,985,385,1024,423
00717.ppm,1360,800,speed limit 70,837,435,860,459
00689.ppm,1360,800,construction,891,484,921,515
00689.ppm,1360,800,construction,591,489,621,517
00396.ppm,1360,800,speed limit 100,1002,471,1047,519
00396.ppm,1360,800,speed limit 100,194,486,239,530
00423.ppm,1360,800,construction,367,467,448,548
00423.ppm,1360,800,construction,1153,448,1246,531
00556.ppm,1360,800,keep right,1193,498,1253,556
00219.ppm,1360,800,give way,1075,267,1158,340
00219.ppm,1360,800,go right,1087,345,1148,402
00209.ppm,1360,800,give way,1097,210,1183,285
00209.ppm,1360,800,go right,1110,289,1173,350
00702.ppm,1360,800,priority road,689,447,708,467
00380.ppm,1360,800,speed limit 120,552,537,575,561
00380.ppm,1360,800,speed limit 120,955,544,975,563
00006.ppm,1360,800,speed limit 50,927,352,988,412
00264.ppm,1360,800,no overtaking,510,467,530,487
00264.ppm,1360,800,no overtaking,966,435,990,458
00264.ppm,1360,800,speed limit 70,966,413,988,436
00599.ppm,1360,800,no overtaking,701,455,722,477
00208.ppm,1360,800,danger,638,243,733,318
00239.ppm,1360,800,priority road,829,415,855,441
00239.ppm,1360,800,danger,790,412,816,436
00239.ppm,1360,800,speed limit 30,794,442,812,458
00029.ppm,1360,800,no traffic both ways,1092,395,1134,435
00430.ppm,1360,800,give way,929,415,1009,487
00031.ppm,1360,800,construction,764,427,813,471
00031.ppm,1360,800,priority road,599,458,628,487
00453.ppm,1360,800,school crossing,1217,331,1302,408
00518.ppm,1360,800,speed limit 100,456,528,498,571
00502.ppm,1360,800,no entry,57,556,85,583
00502.ppm,1360,800,no entry,580,558,604,583
00502.ppm,1360,800,keep right,561,580,593,609
00688.ppm,1360,800,stop,850,409,886,448
00688.ppm,1360,800,stop,400,429,435,461
00656.ppm,1360,800,no traffic both ways,575,465,599,489
00565.ppm,1360,800,priority road,731,337,764,367
00529.ppm,1360,800,road narrows,1134,421,1171,467
00710.ppm,1360,800,speed limit 50,1084,200,1164,285
00020.ppm,1360,800,slippery road,825,430,862,463
00076.ppm,1360,800,speed limit 50,789,472,815,496
00076.ppm,1360,800,bend,785,441,820,470
00062.ppm,1360,800,priority road,827,470,849,491
00003.ppm,1360,800,marinara sauce,743,444,767,466
00003.ppm,1360,800,speed limit 70,744,444,765,466
00003.ppm,1360,800,no overtaking,744,468,765,491
00003.ppm,1360,800,bend,738,415,770,443
00401.ppm,1360,800,speed limit 70,420,498,461,536
00401.ppm,1360,800,speed limit 70,1121,498,1165,537
00698.ppm,1360,800,speed limit 30,738,414,766,442
00066.ppm,1360,800,keep right,572,485,619,535
00746.ppm,1360,800,speed limit 120,1135,492,1182,537
00746.ppm,1360,800,no overtaking,1138,536,1184,580
00746.ppm,1360,800,speed limit 120,236,470,281,513
00746.ppm,1360,800,no overtaking,236,516,281,561
00272.ppm,1360,800,danger,308,400,377,462
00272.ppm,1360,800,danger,1220,318,1299,383
00486.ppm,1360,800,speed limit 100,409,516,463,575
00483.ppm,1360,800,speed limit 100,153,512,202,562
00483.ppm,1360,800,speed limit 100,1183,535,1233,582
00231.ppm,1360,800,speed limit 30,1148,366,1184,397
00053.ppm,1360,800,go straight,768,439,801,473
00053.ppm,1360,800,no traffic both ways,1157,334,1196,370
00607.ppm,1360,800,road narrows,888,471,951,526
00755.ppm,1360,800,priority road,1083,295,1211,418
00755.ppm,1360,800,speed limit 30,853,519,884,549
00755.ppm,1360,800,keep right,564,596,592,625
00048.ppm,1360,800,keep right,342,524,381,561
00048.ppm,1360,800,roundabout,781,444,812,475
00048.ppm,1360,800,priority road,773,406,817,443
00351.ppm,1360,800,speed limit 80,511,534,539,560
00303.ppm,1360,800,speed limit 50,1188,385,1215,414
00655.ppm,1360,800,priority road,936,323,983,369
00655.ppm,1360,800,keep right,545,520,564,540
00770.ppm,1360,800,keep right,527,579,554,607
00770.ppm,1360,800,no entry,469,536,497,563
00770.ppm,1360,800,restriction ends,1061,505,1096,539
00631.ppm,1360,800,priority road,795,436,839,479
00631.ppm,1360,800,speed limit 70,802,480,833,511
00039.ppm,1360,800,go straight,955,254,1018,314
00039.ppm,1360,800,priority road,937,169,1025,251
00601.ppm,1360,800,speed limit 100,82,447,149,513
00530.ppm,1360,800,no overtaking,428,402,458,436
00530.ppm,1360,800,no overtaking,1011,402,1045,434
00542.ppm,1360,800,priority road,842,441,866,464
00074.ppm,1360,800,keep right,384,529,424,570
00074.ppm,1360,800,stop,440,402,491,454
00074.ppm,1360,800,stop,930,378,984,430
00346.ppm,1360,800,speed limit 80,885,544,911,568
00346.ppm,1360,800,speed limit 80,291,543,322,571
00269.ppm,1360,800,no overtaking,966,431,991,454
00782.ppm,1360,800,give way,227,455,278,500
00782.ppm,1360,800,give way,1009,456,1052,496
00085.ppm,1360,800,speed limit 30,847,430,876,458
00653.ppm,1360,800,priority road,781,381,811,410
00653.ppm,1360,800,go straight,787,418,809,441
00775.ppm,1360,800,speed limit 30,886,484,930,528
00408.ppm,1360,800,danger,1132,478,1210,550
00408.ppm,1360,800,danger,128,463,208,537
00242.ppm,1360,800,no traffic both ways,848,390,871,411
00242.ppm,1360,800,give way,1195,273,1302,360
00472.ppm,1360,800,priority road,883,499,926,540
00674.ppm,1360,800,speed limit 30,707,365,763,424
00007.ppm,1360,800,no overtaking,826,407,864,446
00403.ppm,1360,800,speed limit 70,568,541,591,563
00403.ppm,1360,800,speed limit 70,940,532,967,559
00467.ppm,1360,800,speed limit 60,1132,501,1169,537
00455.ppm,1360,800,priority at next intersection,1095,361,1185,445
00531.ppm,1360,800,no overtaking,487,443,502,463
00531.ppm,1360,800,no overtaking,910,432,932,451
00091.ppm,1360,800,give way,509,383,554,424
00091.ppm,1360,800,give way,870,445,901,472
00091.ppm,1360,800,give way,1057,378,1097,413
00333.ppm,1360,800,stop,116,416,180,476
00333.ppm,1360,800,stop,756,388,809,442
00058.ppm,1360,800,priority road,789,395,823,434
00551.ppm,1360,800,no trucks,914,427,991,539
00758.ppm,1360,800,speed limit 120,983,522,1015,552
00758.ppm,1360,800,no overtaking,983,555,1015,585
00758.ppm,1360,800,speed limit 120,375,518,406,548
00758.ppm,1360,800,no overtaking,376,548,407,579
00487.ppm,1360,800,keep right,626,607,644,623
00094.ppm,1360,800,no trucks,114,314,192,392
00094.ppm,1360,800,no trucks,948,370,996,418
00065.ppm,1360,800,no overtaking,975,379,1023,427
00341.ppm,1360,800,give way,924,466,998,532
00730.ppm,1360,800,speed limit 60,467,444,512,488
00730.ppm,1360,800,speed limit 60,1054,518,1084,547
00253.ppm,1360,800,no overtaking,1187,133,1302,243
00723.ppm,1360,800,slippery road,748,360,800,406
00723.ppm,1360,800,speed limit 70,697,426,716,445
00723.ppm,1360,800,slippery road,181,365,238,416
00564.ppm,1360,800,priority at next intersection,758,371,797,408
00015.ppm,1360,800,construction,771,427,811,462
00061.ppm,1360,800,speed limit 50,1223,333,1290,396
00552.ppm,1360,800,no overtaking,540,529,554,543
00552.ppm,1360,800,speed limit 120,538,512,555,530
00552.ppm,1360,800,speed limit 120,814,509,833,526
00552.ppm,1360,800,no overtaking,816,527,833,541
00433.ppm,1360,800,construction,508,531,569,585
00033.ppm,1360,800,keep right,25,508,89,569
00280.ppm,1360,800,speed limit 50,1055,392,1084,422
00280.ppm,1360,800,priority road,1133,358,1183,409
00508.ppm,1360,800,priority at next intersection,868,495,909,536
00236.ppm,1360,800,stop,1081,276,1200,401
00630.ppm,1360,800,speed limit 70,1221,317,1285,384
00480.ppm,1360,800,speed limit 50,1053,442,1103,492
00416.ppm,1360,800,speed limit 60,814,506,851,542
00625.ppm,1360,800,speed limit 50,1037,377,1105,444
00644.ppm,1360,800,keep right,73,506,123,569
00642.ppm,1360,800,priority road,861,327,934,405
00642.ppm,1360,800,keep right,435,496,459,519
00670.ppm,1360,800,speed limit 70,997,307,1066,373
00054.ppm,1360,800,priority road,975,443,999,466
00054.ppm,1360,800,speed limit 20,1119,474,1145,501
00054.ppm,1360,800,keep right,1121,503,1149,519
00605.ppm,1360,800,speed limit 70,849,502,882,536
00605.ppm,1360,800,speed limit 70,170,513,205,551
00686.ppm,1360,800,speed limit 80,378,437,412,474
00527.ppm,1360,800,no overtaking,362,421,393,448
00527.ppm,1360,800,no overtaking,877,426,905,453
00089.ppm,1360,800,speed limit 80,1027,440,1053,467
00089.ppm,1360,800,speed limit 80,636,447,660,474
00070.ppm,1360,800,slippery road,948,298,1026,374
00492.ppm,1360,800,priority at next intersection,896,531,921,557
00057.ppm,1360,800,speed limit 30,991,418,1036,467
00071.ppm,1360,800,speed limit 30,796,475,822,500
00071.ppm,1360,800,no overtaking,796,503,821,530
00071.ppm,1360,800,road narrows,791,440,829,474
00032.ppm,1360,800,give way,679,443,708,471
00032.ppm,1360,800,go right,684,471,703,492
00082.ppm,1360,800,keep right,248,494,333,582
00545.ppm,1360,800,no traffic both ways,215,434,247,475
00004.ppm,1360,800,bend,898,346,971,408
00004.ppm,1360,800,speed limit 50,906,410,956,459
00234.ppm,1360,800,speed limit 30,1051,276,1115,337
00681.ppm,1360,800,speed limit 30,819,436,847,460
00371.ppm,1360,800,speed limit 80,315,522,374,579
00517.ppm,1360,800,no overtaking,273,424,344,491
00227.ppm,1360,800,danger,1233,262,1304,327
00086.ppm,1360,800,priority road,946,301,1006,360
00680.ppm,1360,800,speed limit 30,902,394,954,448
00680.ppm,1360,800,go straight,368,440,396,467
00294.ppm,1360,800,uneven road,1173,327,1234,380
00294.ppm,1360,800,uneven road,103,409,151,452
00040.ppm,1360,800,go right,1040,309,1132,399
00040.ppm,1360,800,give way,1017,203,1138,308
00466.ppm,1360,800,give way,514,467,549,496
00466.ppm,1360,800,give way,1212,399,1271,444
00466.ppm,1360,800,go straight,1227,439,1267,478
00466.ppm,1360,800,go left,518,495,546,518
00776.ppm,1360,800,priority road,1077,317,1188,427
00776.ppm,1360,800,speed limit 30,863,506,893,537
00776.ppm,1360,800,keep right,646,605,667,625
00044.ppm,1360,800,priority road,754,405,782,432
00002.ppm,1360,800,keep left,892,476,1007,592
00063.ppm,1360,800,no overtaking,817,501,836,521
00012.ppm,1360,800,speed limit 30,978,364,1034,419
00554.ppm,1360,800,danger,943,470,991,533
00473.ppm,1360,800,no overtaking,509,534,540,565
00473.ppm,1360,800,no overtaking,1153,507,1186,537
00343.ppm,1360,800,no traffic both ways,802,532,830,560
00756.ppm,1360,800,priority road,884,526,930,572
00260.ppm,1360,800,speed limit 20,722,268,785,330
00405.ppm,1360,800,speed limit 70,357,447,413,499
00405.ppm,1360,800,speed limit 70,1256,472,1309,525
00405.ppm,1360,800,priority road,1252,397,1314,471
00019.ppm,1360,800,priority road,840,367,894,421
00019.ppm,1360,800,speed limit 50,847,424,888,465
00042.ppm,1360,800,dog,916,302,996,372
00042.ppm,1360,800,danger,915,303,997,373
00055.ppm,1360,800,construction,702,413,749,454
00706.ppm,1360,800,speed limit 30,865,370,900,402
00291.ppm,1360,800,speed limit 60,1129,386,1165,421
00523.ppm,1360,800,no overtaking,455,513,503,561
00523.ppm,1360,800,no overtaking,1286,514,1334,554
00669.ppm,1360,800,speed limit 70,899,395,950,445
00764.ppm,1360,800,priority at next intersection,814,512,851,548
00093.ppm,1360,800,speed limit 30,344,400,378,435
00093.ppm,1360,800,speed limit 30,1077,340,1122,391
00610.ppm,1360,800,priority road,914,528,941,553
00610.ppm,1360,800,speed limit 70,918,554,939,574
00271.ppm,1360,800,speed limit 50,1093,343,1130,381
00271.ppm,1360,800,speed limit 50,261,371,296,408
00426.ppm,1360,800,construction,1079,389,1195,503
00635.ppm,1360,800,no overtaking,827,425,864,461
00690.ppm,1360,800,speed limit 70,777,508,800,530
00098.ppm,1360,800,give way,594,287,672,349
00098.ppm,1360,800,give way,1205,241,1305,324
00060.ppm,1360,800,speed limit 50,820,443,841,464
00060.ppm,1360,800,keep right,932,388,963,419
00446.ppm,1360,800,no entry,399,507,446,544
00446.ppm,1360,800,no entry,768,498,800,531
00446.ppm,1360,800,keep right,773,569,807,601
00657.ppm,1360,800,priority road,764,502,778,516
00657.ppm,1360,800,no trucks,992,401,1026,434
00045.ppm,1360,800,keep right,181,503,243,597
00751.ppm,1360,800,give way,726,566,753,594
00222.ppm,1360,800,speed limit 30,983,353,1025,390
00694.ppm,1360,800,priority road,810,412,842,442
00243.ppm,1360,800,speed limit 50,843,447,869,471
00251.ppm,1360,800,keep right,121,426,211,518
00521.ppm,1360,800,speed limit 100,378,575,405,603
00521.ppm,1360,800,speed limit 100,946,564,976,599
00047.ppm,1360,800,traffic signal,555,462,583,488
00667.ppm,1360,800,speed limit 70,738,446,764,471
00524.ppm,1360,800,speed limit 100,188,529,242,584
00524.ppm,1360,800,speed limit 100,1221,530,1271,582
00615.ppm,1360,800,danger,375,533,422,574
00615.ppm,1360,800,speed limit 120,386,572,415,599
00615.ppm,1360,800,danger,880,533,924,573
00615.ppm,1360,800,speed limit 120,891,572,919,597
00027.ppm,1360,800,speed limit 50,101,375,158,429
00027.ppm,1360,800,speed limit 50,968,386,1025,440
00664.ppm,1360,800,speed limit 70,849,438,881,468
00664.ppm,1360,800,priority road,843,395,887,436
00654.ppm,1360,800,priority road,1242,303,1297,359
00648.ppm,1360,800,construction,346,376,417,439
00069.ppm,1360,800,speed limit 50,818,459,838,481
00791.ppm,1360,800,speed limit 70,984,412,1065,490
00791.ppm,1360,800,snow,900,461,967,528
00567.ppm,1360,800,uneven road,1051,411,1110,460
00496.ppm,1360,800,speed limit 120,513,494,551,536
00496.ppm,1360,800,no overtaking,510,536,551,576
00662.ppm,1360,800,uneven road,948,440,993,483
00229.ppm,1360,800,school crossing,1285,340,1332,384
00229.ppm,1360,800,speed limit 30,1273,385,1306,416
00229.ppm,1360,800,no overtaking,1309,383,1342,417
00240.ppm,1360,800,speed limit 30,849,366,877,395
00079.ppm,1360,800,priority at next intersection,764,459,793,487
00638.ppm,1360,800,speed limit 30,915,376,952,414
00491.ppm,1360,800,keep right,429,568,488,637
00490.ppm,1360,800,keep right,645,598,666,620
00490.ppm,1360,800,give way,843,517,870,538
00490.ppm,1360,800,roundabout,849,537,867,556
00701.ppm,1360,800,speed limit 50,1040,395,1090,441
00701.ppm,1360,800,priority road,1032,333,1096,394
00427.ppm,1360,800,speed limit 80,298,385,384,478
00749.ppm,1360,800,speed limit 80,1154,548,1201,592
00749.ppm,1360,800,speed limit 80,302,553,346,596
00606.ppm,1360,800,restriction ends,855,503,887,534
00262.ppm,1360,800,priority road,1044,39,1145,140
00262.ppm,1360,800,zebra crossing,1030,137,1189,286
00262.ppm,1360,800,go right or straight,895,284,954,340
00238.ppm,1360,800,danger,845,402,881,435
00238.ppm,1360,800,speed limit 30,849,444,879,470
00763.ppm,1360,800,priority at next intersection,866,514,904,546
00641.ppm,1360,800,no entry,26,422,69,471
00626.ppm,1360,800,speed limit 50,858,405,895,442
00626.ppm,1360,800,no overtaking,857,442,895,482
00221.ppm,1360,800,traffic signal,991,421,1045,475
00216.ppm,1360,800,speed limit 80,313,442,339,467
00216.ppm,1360,800,speed limit 80,887,447,913,473
00304.ppm,1360,800,go straight,506,387,554,436
00779.ppm,1360,800,road narrows,506,488,553,532
00046.ppm,1360,800,priority road,1047,129,1168,242
00270.ppm,1360,800,speed limit 50,245,337,291,384
00270.ppm,1360,800,speed limit 50,1241,281,1289,335
00270.ppm,1360,800,restriction ends,1243,332,1292,382
00663.ppm,1360,800,give way,832,309,896,364
00252.ppm,1360,800,speed limit 30,912,327,958,373
00252.ppm,1360,800,no overtaking,915,390,961,435
00412.ppm,1360,800,speed limit 100,1002,501,1048,545
00566.ppm,1360,800,no overtaking,655,395,689,429
00566.ppm,1360,800,no overtaking,126,419,156,451
00566.ppm,1360,800,keep right,462,489,481,507
00275.ppm,1360,800,go right,1197,343,1239,384
00571.ppm,1360,800,no entry,1287,362,1309,385
00494.ppm,1360,800,speed limit 30,1117,298,1210,396
00435.ppm,1360,800,no overtaking,833,536,864,563
00682.ppm,1360,800,go straight,886,422,930,466
00682.ppm,1360,800,go straight,279,427,320,467
00682.ppm,1360,800,keep right,262,487,291,516
00385.ppm,1360,800,speed limit 120,268,533,309,570
00385.ppm,1360,800,speed limit 120,978,531,1016,567
00261.ppm,1360,800,go straight,1151,251,1208,317
00274.ppm,1360,800,speed limit 20,979,396,1010,430
00322.ppm,1360,800,speed limit 80,340,405,380,448
00322.ppm,1360,800,speed limit 80,1168,328,1207,370
00334.ppm,1360,800,no traffic both ways,325,454,369,498
00334.ppm,1360,800,speed limit 50,762,437,798,474
00760.ppm,1360,800,speed limit 120,1025,543,1049,569
00760.ppm,1360,800,no overtaking,1026,569,1049,591
00760.ppm,1360,800,speed limit 120,592,539,616,562
00760.ppm,1360,800,no overtaking,594,563,615,586
00660.ppm,1360,800,no overtaking,944,422,980,460
00498.ppm,1360,800,keep right,249,586,298,633
00378.ppm,1360,800,speed limit 120,20,240,147,370
00025.ppm,1360,800,give way,731,423,773,464
00025.ppm,1360,800,roundabout,735,466,769,499
00773.ppm,1360,800,priority road,1049,431,1095,475
00773.ppm,1360,800,speed limit 30,880,515,903,537
00425.ppm,1360,800,speed limit 80,303,503,343,542
00425.ppm,1360,800,speed limit 80,902,502,942,539
00204.ppm,1360,800,speed limit 30,856,153,947,244
00204.ppm,1360,800,go left,731,260,783,316
00515.ppm,1360,800,speed limit 60,256,360,332,430
00414.ppm,1360,800,speed limit 60,1034,424,1080,466
00059.ppm,1360,800,priority road,794,404,855,463
00672.ppm,1360,800,give way,890,325,953,376
00672.ppm,1360,800,give way,122,263,195,327
00461.ppm,1360,800,priority road,1234,264,1304,329
00009.ppm,1360,800,speed limit 70,925,466,949,491
00632.ppm,1360,800,speed limit 30,105,377,147,426
00619.ppm,1360,800,give way,842,413,879,452
00788.ppm,1360,800,danger,960,502,1046,585
00016.ppm,1360,800,priority road,903,422,959,478
00410.ppm,1360,800,keep right,364,617,424,671
00041.ppm,1360,800,keep right,997,484,1032,517
00719.ppm,1360,800,speed limit 50,933,391,970,426
00479.ppm,1360,800,give way,984,500,1024,538
00479.ppm,1360,800,roundabout,992,538,1019,569
00668.ppm,1360,800,speed limit 50,1084,253,1174,343
00292.ppm,1360,800,speed limit 120,983,423,1012,451
00292.ppm,1360,800,speed limit 120,317,449,345,478
00685.ppm,1360,800,keep right,616,508,658,551
00026.ppm,1360,800,speed limit 30,454,411,491,450
00737.ppm,1360,800,give way,604,444,639,476
00737.ppm,1360,800,give way,472,450,509,483
00237.ppm,1360,800,stop,823,362,855,392
00477.ppm,1360,800,speed limit 80,298,508,337,544
00451.ppm,1360,800,priority at next intersection,793,561,819,585
00761.ppm,1360,800,keep right,35,537,96,601
00651.ppm,1360,800,speed limit 30,801,406,852,454
00651.ppm,1360,800,construction,787,340,862,402
00519.ppm,1360,800,speed limit 100,457,533,504,580
00640.ppm,1360,800,speed limit 70,1103,355,1178,425
00640.ppm,1360,800,priority road,1085,257,1189,355
00505.ppm,1360,800,priority road,1055,482,1091,518
00330.ppm,1360,800,speed limit 50,1052,316,1115,380
00774.ppm,1360,800,speed limit 30,929,516,962,548
00017.ppm,1360,800,priority at next intersection,910,303,1031,408
00017.ppm,1360,800,priority at next intersection,577,495,599,515
00624.ppm,1360,800,keep right,387,507,435,557
00602.ppm,1360,800,speed limit 120,443,543,474,575
00602.ppm,1360,800,speed limit 120,1268,555,1301,586
00382.ppm,1360,800,speed limit 120,447,491,484,530
00382.ppm,1360,800,speed limit 120,1210,498,1250,537
00021.ppm,1360,800,pedestrian crossing,826,388,877,433
00022.ppm,1360,800,pedestrian crossing,668,474,695,497
00337.ppm,1360,800,priority road,903,409,933,437
00754.ppm,1360,800,keep right,729,594,768,632
00548.ppm,1360,800,stop,777,433,811,470
00038.ppm,1360,800,priority road,1121,443,1145,467
00570.ppm,1360,800,no overtaking,881,417,914,449
00699.ppm,1360,800,speed limit 30,727,414,757,444
00211.ppm,1360,800,priority at next intersection,667,412,705,446
00509.ppm,1360,800,priority at next intersection,833,490,877,529
00650.ppm,1360,800,priority road,1128,283,1192,350
00650.ppm,1360,800,keep right,489,517,507,536
00777.ppm,1360,800,priority road,917,404,982,468
00777.ppm,1360,800,speed limit 30,834,526,858,549
00225.ppm,1360,800,speed limit 30,857,268,924,335
00603.ppm,1360,800,no overtaking,362,444,417,499
00503.ppm,1360,800,keep right,357,582,420,647
00741.ppm,1360,800,no overtaking,973,557,1000,583
00741.ppm,1360,800,no overtaking,439,559,466,585
00752.ppm,1360,800,speed limit 30,932,448,982,495
00646.ppm,1360,800,give way,1059,439,1089,474
00646.ppm,1360,800,give way,561,434,591,458
00072.ppm,1360,800,speed limit 70,837,457,858,477
00300.ppm,1360,800,construction,681,433,709,459
00300.ppm,1360,800,speed limit 50,780,421,802,443
00468.ppm,1360,800,speed limit 60,1129,507,1165,544
00448.ppm,1360,800,keep right,581,599,604,618
00295.ppm,1360,800,restriction ends 80,99,419,143,463
00295.ppm,1360,800,restriction ends 80,1226,366,1276,410
00628.ppm,1360,800,restriction ends,999,276,1086,362
00447.ppm,1360,800,give way,1182,418,1270,492
00218.ppm,1360,800,go right,808,439,828,458
00712.ppm,1360,800,no overtaking,933,361,984,413
00286.ppm,1360,800,stop,1014,361,1047,391
00214.ppm,1360,800,stop,1187,132,1291,236
00214.ppm,1360,800,go right,1216,240,1288,315
00604.ppm,1360,800,snow,366,482,437,547
00090.ppm,1360,800,give way,968,430,1005,463
00348.ppm,1360,800,speed limit 80,954,526,989,562
00228.ppm,1360,800,speed limit 30,937,298,1000,358
00281.ppm,1360,800,speed limit 50,986,392,1017,425
00516.ppm,1360,800,go left,241,276,301,333
00457.ppm,1360,800,speed limit 50,517,466,555,503
00457.ppm,1360,800,speed limit 50,1246,419,1302,478
00411.ppm,1360,800,keep right,181,604,242,661
00411.ppm,1360,800,no entry,493,550,531,588
00043.ppm,1360,800,priority road,1037,298,1098,358
00043.ppm,1360,800,go right or straight,1048,358,1093,404
00258.ppm,1360,800,priority at next intersection,348,492,380,522
00202.ppm,1360,800,stop,57,318,105,366
00202.ppm,1360,800,stop,657,320,703,365
00520.ppm,1360,800,no overtaking,380,510,437,564
00008.ppm,1360,800,speed limit 50,785,460,811,486
00008.ppm,1360,800,priority road,781,425,817,461
00373.ppm,1360,800,speed limit 70,821,513,852,544
00373.ppm,1360,800,speed limit 70,166,520,195,546
00785.ppm,1360,800,give way,998,429,1040,470
00785.ppm,1360,800,go left,1004,469,1037,500
00785.ppm,1360,800,give way,506,398,548,436
00785.ppm,1360,800,go left,511,434,543,469
00311.ppm,1360,800,speed limit 120,618,425,651,456
00311.ppm,1360,800,speed limit 120,1295,394,1331,426
00428.ppm,1360,800,speed limit 100,324,549,354,575
00714.ppm,1360,800,speed limit 30,784,314,827,357
00088.ppm,1360,800,no overtaking,957,465,982,489
00088.ppm,1360,800,no overtaking,412,466,435,489
00088.ppm,1360,800,speed limit 120,414,441,436,463
00088.ppm,1360,800,speed limit 120,958,441,982,464
00470.ppm,1360,800,priority road,1136,218,1252,332
00316.ppm,1360,800,speed limit 60,698,436,720,460
00316.ppm,1360,800,bend right,695,416,720,438
00316.ppm,1360,800,bend right,996,400,1023,422
00316.ppm,1360,800,speed limit 60,997,421,1021,446
00661.ppm,1360,800,speed limit 50,1141,401,1169,431
00721.ppm,1360,800,give way,903,355,935,383
00780.ppm,1360,800,construction,365,469,465,559
00780.ppm,1360,800,construction,1144,488,1237,576
00780.ppm,1360,800,speed limit 60,1166,577,1229,638
00780.ppm,1360,800,speed limit 60,384,558,445,618
00232.ppm,1360,800,give way,295,420,342,459
00232.ppm,1360,800,give way,868,381,913,415
00232.ppm,1360,800,keep right,587,497,619,526
00268.ppm,1360,800,speed limit 50,892,397,916,421
00645.ppm,1360,800,speed limit 30,1023,305,1105,388
00557.ppm,1360,800,give way,459,459,506,507
00557.ppm,1360,800,slippery road,269,466,316,501
00314.ppm,1360,800,speed limit 80,397,453,431,483
00314.ppm,1360,800,speed limit 80,1216,400,1248,435
00223.ppm,1360,800,speed limit 30,816,335,858,373
00771.ppm,1360,800,danger,838,439,870,467
00771.ppm,1360,800,give way,868,479,917,521
00771.ppm,1360,800,give way,154,537,204,583
00742.ppm,1360,800,speed limit 100,961,554,996,587
00742.ppm,1360,800,speed limit 100,334,564,369,599
00309.ppm,1360,800,speed limit 100,180,390,219,429
00797.ppm,1360,800,give way,823,416,869,457
00797.ppm,1360,800,give way,391,466,428,499
00797.ppm,1360,800,go left,396,495,425,523
00797.ppm,1360,800,go left or straight,831,456,867,489
00420.ppm,1360,800,speed limit 60,361,549,383,570
00733.ppm,1360,800,speed limit 70,507,427,544,461
00733.ppm,1360,800,keep right,443,583,490,632
00733.ppm,1360,800,speed limit 70,937,524,966,551
00279.ppm,1360,800,keep right,618,485,675,542
00744.ppm,1360,800,give way,1156,538,1183,564
00766.ppm,1360,800,no traffic both ways,256,497,290,534
00772.ppm,1360,800,danger,844,554,863,573
00499.ppm,1360,800,give way,1010,495,1056,538
00010.ppm,1360,800,priority road,1194,359,1271,438
00436.ppm,1360,800,speed limit 80,795,531,818,554
00404.ppm,1360,800,speed limit 70,337,417,396,478
00404.ppm,1360,800,speed limit 70,1256,418,1312,471
00377.ppm,1360,800,speed limit 120,239,494,277,531
00377.ppm,1360,800,speed limit 120,1134,505,1171,543
00305.ppm,1360,800,danger,550,351,599,394
00305.ppm,1360,800,priority at next intersection,768,369,827,425
00789.ppm,1360,800,stop,759,516,788,546
00241.ppm,1360,800,speed limit 50,840,401,880,440
00683.ppm,1360,800,no overtaking,891,451,913,473
00018.ppm,1360,800,speed limit 70,950,455,982,486
00014.ppm,1360,800,bend,712,492,733,511
00795.ppm,1360,800,keep right,168,612,217,664
00344.ppm,1360,800,priority road,803,418,879,494
00500.ppm,1360,800,speed limit 80,954,501,999,546
00201.ppm,1360,800,give way,762,352,811,394
00703.ppm,1360,800,speed limit 30,1001,361,1044,401
00703.ppm,1360,800,school crossing,994,311,1054,362
00392.ppm,1360,800,speed limit 100,356,442,421,508
00068.ppm,1360,800,give way,850,460,873,481
00729.ppm,1360,800,speed limit 60,538,492,569,522
00257.ppm,1360,800,construction,1076,389,1120,421
00257.ppm,1360,800,construction,1236,337,1295,385
00734.ppm,1360,800,speed limit 60,1092,455,1165,528
00623.ppm,1360,800,speed limit 70,973,375,1035,437
00482.ppm,1360,800,priority road,733,526,767,562
00245.ppm,1360,800,no overtaking,852,440,874,460
00245.ppm,1360,800,no overtaking,480,444,499,464
00647.ppm,1360,800,keep right,613,515,632,536
00697.ppm,1360,800,construction,942,319,1021,391
00608.ppm,1360,800,priority road,950,372,1000,419
00226.ppm,1360,800,speed limit 30,1154,225,1220,285
00659.ppm,1360,800,speed limit 50,994,431,1034,472
00732.ppm,1360,800,priority road,966,528,992,553
00507.ppm,1360,800,priority at next intersection,877,477,933,525
00620.ppm,1360,800,no overtaking,864,426,894,456
00413.ppm,1360,800,speed limit 60,1040,482,1082,527
00475.ppm,1360,800,speed limit 100,1234,466,1311,544
00056.ppm,1360,800,speed limit 30,730,437,761,468
00081.ppm,1360,800,give way,966,230,1045,295
00705.ppm,1360,800,speed limit 30,957,344,992,376
00478.ppm,1360,800,speed limit 80,924,471,961,512
00478.ppm,1360,800,speed limit 80,219,486,256,518
00439.ppm,1360,800,speed limit 120,1193,504,1252,564
00449.ppm,1360,800,give way,212,465,253,507
00449.ppm,1360,800,give way,808,447,858,482
00704.ppm,1360,800,speed limit 50,768,412,793,439
00613.ppm,1360,800,speed limit 80,1133,561,1168,597
00613.ppm,1360,800,speed limit 80,479,547,514,583
00001.ppm,1360,800,roundabout,984,389,1025,433
00001.ppm,1360,800,keep right,387,496,440,551
00001.ppm,1360,800,give way,973,335,1032,387
00301.ppm,1360,800,speed limit 50,1076,318,1125,368
00301.ppm,1360,800,uneven road,1063,262,1129,323
00205.ppm,1360,800,construction,1202,339,1329,455
00609.ppm,1360,800,speed limit 70,811,508,841,539
00609.ppm,1360,800,speed limit 70,311,514,343,545
00246.ppm,1360,800,no overtaking,312,383,355,426
00246.ppm,1360,800,no overtaking,1093,355,1136,397
00798.ppm,1360,800,speed limit 50,786,546,805,565
00798.ppm,1360,800,give way,1088,444,1164,508
00078.ppm,1360,800,cycles crossing,1209,205,1322,301
00078.ppm,1360,800,give way,801,464,820,482
00463.ppm,1360,800,keep right,555,628,585,660
00306.ppm,1360,800,bend right,353,473,388,504
00306.ppm,1360,800,bend right,1049,423,1082,454
00028.ppm,1360,800,construction,777,398,833,453
00028.ppm,1360,800,go straight,392,470,419,495
00784.ppm,1360,800,keep right,33,572,156,710
00283.ppm,1360,800,speed limit 70,1176,111,1286,216
00675.ppm,1360,800,keep right,642,504,676,538
00675.ppm,1360,800,give way,1008,387,1043,420
00675.ppm,1360,800,roundabout,1012,420,1039,448
00611.ppm,1360,800,speed limit 70,840,489,871,520
00611.ppm,1360,800,no overtaking,842,521,873,552
00379.ppm,1360,800,speed limit 120,188,459,229,501
00379.ppm,1360,800,speed limit 120,1064,444,1109,491
00762.ppm,1360,800,give way,1155,407,1219,464
00762.ppm,1360,800,give way,336,378,401,436
00488.ppm,1360,800,keep right,495,612,516,634
00612.ppm,1360,800,keep right,121,518,225,612
00612.ppm,1360,800,no entry,170,372,248,451
00476.ppm,1360,800,speed limit 100,1153,523,1188,559
00476.ppm,1360,800,speed limit 100,165,519,199,554
00266.ppm,1360,800,danger,242,453,295,502
00639.ppm,1360,800,keep right,286,505,338,550
00384.ppm,1360,800,speed limit 120,1202,417,1262,479
00474.ppm,1360,800,speed limit 100,512,568,548,598
00474.ppm,1360,800,speed limit 100,1246,550,1274,580
00673.ppm,1360,800,priority at next intersection,414,408,474,459
00501.ppm,1360,800,no entry,122,283,227,387
00501.ppm,1360,800,keep right,107,638,215,747
00501.ppm,1360,800,speed limit 70,611,560,629,574
00298.ppm,1360,800,speed limit 50,1238,260,1317,331
00298.ppm,1360,800,uneven road,1222,169,1328,261
00210.ppm,1360,800,go straight,1018,419,1040,443
00210.ppm,1360,800,priority road,1013,388,1043,419
00080.ppm,1360,800,no overtaking,831,380,882,434
00434.ppm,1360,800,speed limit 80,169,197,256,285
00215.ppm,1360,800,keep right,785,482,804,500
00067.ppm,1360,800,no overtaking,950,435,979,466
00419.ppm,1360,800,speed limit 100,979,492,1026,539
00740.ppm,1360,800,speed limit 80,489,512,536,561
00740.ppm,1360,800,speed limit 80,1161,509,1216,560
00740.ppm,1360,800,give way,1071,554,1096,577
00035.ppm,1360,800,give way,679,441,715,477
00035.ppm,1360,800,keep right,264,476,302,513
00087.ppm,1360,800,restriction ends 80,911,437,948,471
00087.ppm,1360,800,restriction ends 80,307,422,340,455
00212.ppm,1360,800,priority road,722,382,751,410
00212.ppm,1360,800,go right,757,402,783,430
00665.ppm,1360,800,slippery road,696,414,741,456
00665.ppm,1360,800,speed limit 70,558,473,578,492
00203.ppm,1360,800,speed limit 20,760,377,784,401
00005.ppm,1360,800,no overtaking,1172,164,1287,279
00050.ppm,1360,800,priority road,941,339,975,374
00050.ppm,1360,800,give way,942,340,972,374
00050.ppm,1360,800,go left,948,374,969,400
00276.ppm,1360,800,keep right,108,462,155,518
00023.ppm,1360,800,speed limit 30,998,292,1074,372
00023.ppm,1360,800,slippery road,45,349,137,445
00023.ppm,1360,800,slippery road,945,431,1005,492
00679.ppm,1360,800,stop,705,341,770,406
00679.ppm,1360,800,go right,721,410,759,451
00575.ppm,1360,800,keep right,404,475,436,507
00263.ppm,1360,800,speed limit 50,647,418,667,437
00695.ppm,1360,800,priority road,793,387,827,419
00036.ppm,1360,800,go straight,1139,424,1165,450
00036.ppm,1360,800,priority road,1136,395,1169,424
00440.ppm,1360,800,slippery road,1238,490,1325,564
00696.ppm,1360,800,no overtaking,718,446,738,466
00097.ppm,1360,800,give way,290,327,334,371
00097.ppm,1360,800,give way,1128,339,1172,382
00097.ppm,1360,800,keep right,147,446,200,502
00481.ppm,1360,800,danger,910,502,944,535
00544.ppm,1360,800,priority at next intersection,1059,301,1122,359
00544.ppm,1360,800,construction,991,426,1030,459
00544.ppm,1360,800,speed limit 30,745,438,762,459
00064.ppm,1360,800,speed limit 50,787,449,808,470
00285.ppm,1360,800,stop,1090,305,1148,361
00284.ppm,1360,800,priority road,980,270,1062,346
00284.ppm,1360,800,speed limit 50,994,347,1051,403
00363.ppm,1360,800,speed limit 120,407,486,454,522
00339.ppm,1360,800,speed limit 30,627,443,661,476
00224.ppm,1360,800,school crossing,932,192,1026,269
00224.ppm,1360,800,speed limit 30,926,280,978,339
00224.ppm,1360,800,no overtaking,981,268,1042,331
00778.ppm,1360,800,keep left,991,555,1032,600
00051.ppm,1360,800,priority road,970,220,1037,284
00099.ppm,1360,800,bend right,910,497,954,535
00077.ppm,1360,800,bend right,953,349,1015,404
00077.ppm,1360,800,no overtaking,965,410,1012,458
00256.ppm,1360,800,danger,1106,41,1238,151
00637.ppm,1360,800,priority at next intersection,867,402,915,447
00297.ppm,1360,800,traffic signal,1017,445,1043,470
00073.ppm,1360,800,slippery road,723,431,754,458
00073.ppm,1360,800,speed limit 50,728,458,749,477
00073.ppm,1360,800,no overtaking,728,476,748,497
00013.ppm,1360,800,speed limit 50,1044,282,1121,355
00206.ppm,1360,800,go right,1158,197,1226,262
00206.ppm,1360,800,keep right,827,472,848,493
00206.ppm,1360,800,give way,54,8,166,103
00206.ppm,1360,800,go left,63,109,138,185
00206.ppm,1360,800,give way,1144,120,1238,194
00715.ppm,1360,800,keep right,285,347,351,412
00024.ppm,1360,800,give way,111,465,142,493
00444.ppm,1360,800,bend right,376,529,429,573
00444.ppm,1360,800,bend right,965,531,1010,572
00444.ppm,1360,800,speed limit 100,973,572,999,599
00444.ppm,1360,800,speed limit 100,391,568,419,599
00787.ppm,1360,800,priority at next intersection,999,425,1092,497
00787.ppm,1360,800,danger,376,596,394,613
00293.ppm,1360,800,speed limit 100,1143,365,1193,415
00293.ppm,1360,800,speed limit 100,28,412,71,457
00312.ppm,1360,800,speed limit 80,125,271,228,379
00254.ppm,1360,800,speed limit 50,1172,273,1240,339
00254.ppm,1360,800,slippery road,1267,370,1297,399
00367.ppm,1360,800,speed limit 120,231,489,275,532
00367.ppm,1360,800,speed limit 120,1030,505,1067,543
00716.ppm,1360,800,speed limit 70,821,335,869,387
00716.ppm,1360,800,priority road,815,267,882,336
00255.ppm,1360,800,keep right,179,502,267,583
00390.ppm,1360,800,speed limit 120,456,504,503,550
00390.ppm,1360,800,speed limit 120,1219,497,1268,542
00671.ppm,1360,800,speed limit 50,847,395,884,430
00671.ppm,1360,800,traffic signal,841,350,893,395
00250.ppm,1360,800,keep right,102,426,168,499
00250.ppm,1360,800,speed limit 50,908,447,933,470
00512.ppm,1360,800,speed limit 80,1140,491,1179,530
00512.ppm,1360,800,speed limit 80,233,486,270,522
00722.ppm,1360,800,slippery road,104,363,165,418
00722.ppm,1360,800,slippery road,993,331,1050,382
00220.ppm,1360,800,speed limit 30,1127,285,1170,325
00658.ppm,1360,800,slippery road,858,342,939,411
00296.ppm,1360,800,speed limit 100,461,411,493,441
00296.ppm,1360,800,speed limit 100,1239,386,1269,418
00794.ppm,1360,800,priority road,1031,519,1062,551
00249.ppm,1360,800,speed limit 50,1213,419,1244,451
00747.ppm,1360,800,restriction ends 80,1147,504,1198,553
00747.ppm,1360,800,restriction ends 80,298,489,346,538
00207.ppm,1360,800,construction,873,318,942,379
00616.ppm,1360,800,restriction ends,877,541,904,568
00616.ppm,1360,800,restriction ends,437,561,463,584
00368.ppm,1360,800,speed limit 120,382,461,432,510
00230.ppm,1360,800,speed limit 30,975,400,1002,427
00230.ppm,1360,800,school crossing,968,428,1008,464
00319.ppm,1360,800,speed limit 60,570,439,613,481
00319.ppm,1360,800,speed limit 60,1202,403,1248,449
00049.ppm,1360,800,priority road,987,355,1028,398
00049.ppm,1360,800,go left or straight,995,398,1025,430
00678.ppm,1360,800,give way,698,404,743,444
00456.ppm,1360,800,speed limit 60,422,416,478,468
00030.ppm,1360,800,keep right,396,512,419,536
00593.ppm,1360,800,keep right,585,510,608,534
00736.ppm,1360,800,construction,830,551,856,576
00649.ppm,1360,800,priority road,819,305,867,351
00649.ppm,1360,800,keep right,787,499,800,515
00244.ppm,1360,800,no overtaking,490,391,531,429
00244.ppm,1360,800,no overtaking,1238,351,1284,393
00728.ppm,1360,800,construction,499,566,532,596
00323.ppm,1360,800,no overtaking,400,439,424,463
00323.ppm,1360,800,no overtaking,856,441,882,465
00560.ppm,1360,800,speed limit 60,1030,175,1102,229
00528.ppm,1360,800,speed limit 100,166,417,203,457
00528.ppm,1360,800,speed limit 100,987,341,1028,377
00267.ppm,1360,800,priority road,862,389,885,413
00267.ppm,1360,800,go right or straight,834,382,857,403
00092.ppm,1360,800,go straight,426,450,445,471
00092.ppm,1360,800,priority road,423,420,446,445
00092.ppm,1360,800,go straight,95,418,118,443
00092.ppm,1360,800,give way,719,441,741,462
00084.ppm,1360,800,keep right,709,524,736,553
00011.ppm,1360,800,speed limit 30,721,339,771,399
00011.ppm,1360,800,bend,710,265,781,337
00318.ppm,1360,800,no traffic both ways,631,452,658,475
00691.ppm,1360,800,speed limit 70,886,493,907,514
00691.ppm,1360,800,speed limit 70,469,491,490,511
00465.ppm,1360,800,give way,1243,316,1331,391
00634.ppm,1360,800,speed limit 50,526,371,570,416
00493.ppm,1360,800,danger,912,451,968,501
00278.ppm,1360,800,give way,916,356,955,389
00278.ppm,1360,800,roundabout,923,390,952,418
00247.ppm,1360,800,speed limit 80,857,448,878,471
00247.ppm,1360,800,speed limit 80,471,455,494,475
00217.ppm,1360,800,speed limit 30,973,268,1033,325
00622.ppm,1360,800,uneven road,815,424,858,466
00096.ppm,1360,800,no entry,700,398,740,433
00096.ppm,1360,800,no entry,1139,420,1176,457
00034.ppm,1360,800,school crossing,867,430,898,459
00052.ppm,1360,800,go right or straight,833,352,871,390
00052.ppm,1360,800,priority road,829,281,879,331
00692.ppm,1360,800,no traffic both ways,1052,359,1092,396
00083.ppm,1360,800,roundabout,1072,298,1142,365
00083.ppm,1360,800,give way,1056,211,1153,294
00725.ppm,1360,800,keep left,553,600,574,620
